{
  "Author": "Redeven",
  "Name": "BetterTarget",
  "InternalName": "BetterTargetPlugin",
  "AssemblyVersion": "1.0.0.0",
  "Description": "/btarget : Allows targetting closest entity that matches any term of a space-delimited list.",
  "ApplicableVersion": "any",
  "RepoUrl": "https://github.com/redeven/BetterTargetPlugin",
  "Tags": [
    "target"
  ],
  "DalamudApiLevel": 8,
  "LoadRequiredState": 0,
  "LoadSync": false,
  "LoadPriority": 0,
  "Punchline": "A better target command",
  "AcceptsFeedback": true
}